{"type":"header","name":"Header","sections":{"announcement":{"type":"announcement","blocks":{"announce_text":{"type":"text","disabled":true,"settings":{}},"announce_shipping":{"type":"message","disabled":true,"settings":{}}},"block_order":["announce_text","announce_shipping"],"settings":{}},"header":{"type":"header","blocks":{"header-block-toolbar":{"type":"toolbar","disabled":true,"settings":{}},"header-block-image-1":{"type":"image","disabled":true,"settings":{"position":"1","wh_ratio":2,"title":"Pinned to item 1","title_color":"text--neutral","button_style":"is-on-image"}},"header-block-image-2":{"type":"image","disabled":true,"settings":{"position":"2","wh_ratio":0.8,"title":"Pinned to item 2","title_color":"text--neutral","button_style":"is-below-image"}},"header-block-image-3":{"type":"image","disabled":true,"settings":{"position":"2","wh_ratio":0.8,"wide_element":false,"overlay_opacity":0,"overlay_color":"#000","title":"Pinned to item 2","title_color":"text--neutral","button_style":"is-below-image"}}},"block_order":["header-block-toolbar","header-block-image-1","header-block-image-2","header-block-image-3"],"settings":{"header_style":"logo_center","logo":"{{ shop.brand.logo }}","main_menu_linklist":"main-menu","full_width":true,"use_icons":true,"transparent_home":true}}},"order":["announcement","header"]}