{"sections":{"hero":{"type":"section-hero","blocks":{"banner-kicker":{"type":"kicker","settings":{"kicker":"<p>Introducing<\/p>","text_size":3}},"banner-heading":{"type":"heading","settings":{"title":"<p>Pipeline theme<\/p>","text_size":11}},"banner-text":{"type":"text","settings":{"richtext":"<p>Clean, fast, and focused on sales<\/p>","text_size":6}},"banner-button":{"type":"button","settings":{"link_text_1":"View products","link_1":"shopify:\/\/collections\/all","button_size_1":"btn--long","button_style_1":"btn","button_color_1":"btn--white","link_text_2":"Learn more","link_2":"shopify:\/\/pages\/contact","button_size_2":"btn--long","button_style_2":"btn-text-thick-line","button_color_2":"btn--neutral","link_text_3":"","link_3":"","button_size_3":"btn--long","button_style_3":"btn-text-thick-line","button_color_3":"btn--white"}}},"block_order":["banner-kicker","banner-heading","banner-text","banner-button"],"settings":{"height":"use_screen_two_thirds","overlay_opacity":15,"overlay_color":"#000000","enable_overlay_text":false,"preload_image":true,"content_width":2000,"text_align":"align--middle-center","text_color":"text--white","color_bg":"hero__content--transparent","width":"wrapper--none","padding_top":0,"padding_bottom":0}},"tabs":{"type":"section-collection-tabs","blocks":{"tab-0":{"type":"collection","settings":{"collection":"","title":"First collection"}},"tab-1":{"type":"collection","settings":{"collection":"","title":"Second collection"}}},"block_order":["tab-0","tab-1"],"settings":{"title":"Featured Collections","progress_bar":"mobile","grid_large":4,"grid_medium":3,"grid_mobile":1.2,"limit":6,"bg":"palette--light bg--neutral","width":"wrapper--full","padding_top":64,"padding_bottom":36}},"double":{"type":"section-double","blocks":{"image":{"type":"image","settings":{"overlay_opacity":15,"overlay_color":"#000000","enable_overlay_text":false,"kicker":"","title":"","richtext":"","text_align":"align--middle-center","text_color":"text--white","link_text":"","link":"","button_color":"btn--white","button_style":"btn"}},"text":{"type":"text","settings":{"kicker":"Image with text","title":"","text":"<p>Use this text to share information about your brand with your customers. Describe a product, share announcements, or welcome customers to your store.<\/p>","font_size":5,"text_columns":1,"align_text":"text-left","button_text":"","button_url":"","button_color":"btn--neutral","button_style":"btn-text-thick-line","text_color":"text--neutral","bg_color":"#f7f7f7"}}},"block_order":["image","text"],"settings":{"height":"use_screen_one_half","brick_gutter":0,"borders":false,"width":"wrapper--none","padding_top":36,"padding_bottom":0}},"custom":{"type":"section-custom-content","blocks":{"video-0":{"type":"collection","settings":{"collection":"","kicker":"Shop the look","align_text":"text-center","text_color":"text--neutral","bg_color":"#f7f7f7","bg_accent":"#ffffff"}},"video-1":{"type":"video","settings":{"object_position":"center-center","video_link":"https:\/\/www.youtube.com\/watch?v=_9VUPq3SxOc","popup_text":"","kicker":"","title":"","richtext":"","text_align":"align--middle-center","text_color":"text--white","overlay_opacity":15,"overlay_color":"#000000","link_text":"","link":"","button_color":"btn--white","button_style":"btn"}}},"block_order":["video-0","video-1"],"settings":{"height":"use_screen_one_half","brick_gutter":0,"borders":false,"width":"wrapper--none","padding_top":0,"padding_bottom":0}},"collection-split-section-1":{"type":"collection-split","settings":{"collection":"","product_list":[],"sticky_image_enable":true,"swap":false,"overlay_opacity":15,"overlay_color":"#000000","kicker":"","heading":"","text_color":"text--white","link_text":"View products","link":"","button_color":"btn--white","button_style":"btn","grid_large":2,"grid_small":1.2,"limit":4,"bg":"palette--light bg--neutral","object_position":"center-center","width":"wrapper--full","padding_top":36,"padding_bottom":10}},"collection-split-section-2":{"type":"collection-split","settings":{"collection":"","product_list":[],"sticky_image_enable":true,"swap":true,"overlay_opacity":15,"overlay_color":"#000000","kicker":"","heading":"","text_color":"text--white","link_text":"View products","link":"","button_color":"btn--white","button_style":"btn","grid_large":2,"grid_small":1.2,"limit":4,"bg":"palette--light bg--neutral","object_position":"center-center","width":"wrapper--full","padding_top":10,"padding_bottom":36}},"list-collections":{"type":"section-list-collections","blocks":{"list-collections-0":{"type":"collection","settings":{"collection":"","overlay_color":"#000000","overlay_opacity":15,"top_text":"","top_text_disabled":false,"title":"","title_disabled":false,"bottom_text":"","bottom_text_disabled":false,"text_color":"text--white"}},"list-collections-1":{"type":"collection","settings":{"collection":"","overlay_color":"#000000","overlay_opacity":15,"top_text":"","top_text_disabled":false,"title":"","title_disabled":false,"bottom_text":"","bottom_text_disabled":false,"text_color":"text--white"}},"list-collections-3":{"type":"collection","settings":{"collection":"","overlay_color":"#000000","overlay_opacity":15,"top_text":"","top_text_disabled":false,"title":"","title_disabled":false,"bottom_text":"","bottom_text_disabled":false,"text_color":"text--white"}},"list-collections-4":{"type":"collection","settings":{"collection":"","overlay_color":"#000000","overlay_opacity":15,"top_text":"","top_text_disabled":false,"title":"","title_disabled":false,"bottom_text":"","bottom_text_disabled":false,"text_color":"text--white"}}},"block_order":["list-collections-0","list-collections-1","list-collections-3","list-collections-4"],"settings":{"title":"Collection list","bg":"palette--light bg--neutral","wh_ratio":1,"grid_large":3,"grid_medium":2,"grid_mobile":1.2,"font_family":"accent","title_size":4,"accent_size":4,"width":"wrapper--full","padding_top":36,"padding_bottom":36}},"product-grid":{"type":"section-collection","settings":{"title":"Featured Products","collection":"","grid":4,"rows":2,"grid_mobile":"2","bg":"palette--light bg--neutral","show_view_all":false,"width":"wrapper","padding_top":36,"padding_bottom":36}},"cols":{"type":"section-columns","blocks":{"column-0":{"type":"text_block","settings":{"enable_image":true,"title":"Feature products or reviews","text":"<p>Add a video popup link to show a play button.  Share blog posts, products, or promotions with your customers. Use this text to describe products, share details on availability and style, or as a space to display recent reviews or FAQs.<\/p>","button_label":"","button_link":"","button_color":"btn--neutral","button_style":"btn--soft","enable_video":false,"video_link":"https:\/\/www.youtube.com\/watch?v=_9VUPq3SxOc"}},"column-1":{"type":"text_block","settings":{"enable_image":true,"title":"Add a popup video","text":"<p>Add a video popup link to show a play button.  Share blog posts, products, or promotions with your customers. Use this text to describe products, share details on availability and style, or as a space to display recent reviews or FAQs.<\/p>","button_label":"","button_link":"","button_color":"btn--neutral","button_style":"btn--soft","enable_video":true,"video_link":"https:\/\/www.youtube.com\/watch?v=_9VUPq3SxOc"}},"column-2":{"type":"text_block","settings":{"enable_image":true,"title":"Share promotions or articles","text":"<p>Add a video popup link to show a play button.  Share blog posts, products, or promotions with your customers. Use this text to describe products, share details on availability and style, or as a space to display recent reviews or FAQs.<\/p>","button_label":"","button_link":"","button_color":"btn--neutral","button_style":"btn--soft","enable_video":false,"video_link":"https:\/\/www.youtube.com\/watch?v=_9VUPq3SxOc"}}},"block_order":["column-0","column-1","column-2"],"settings":{"title":"Text columns with images","bg":"palette--light bg--neutral","align_text":"text-center","scale_image":true,"wh_ratio":1,"grid_large":3,"grid_medium":3,"grid_mobile":1.2,"progress_bar_mobile":false,"width":"wrapper","padding_top":36,"padding_bottom":36}},"blog-section":{"type":"section-blog","settings":{"title":"News","homepage_blog":"","homepage_blog_count":6,"progress_bar":"mobile","grid_large":3,"grid_medium":2,"grid_mobile":1.2,"show_author":true,"show_tags":true,"show_date":true,"show_preview":false,"show_link":false,"bg":"palette--light bg--neutral","color":"text--white","show_view_all":false,"button_style":"btn--outline","width":"wrapper","padding_top":36,"padding_bottom":36}},"newsletter-index-section":{"type":"section-newsletter","settings":{"title":"Newsletter","richtext":"<p>Join to get special offers, free giveaways, and once-in-a-lifetime deals.<\/p>","bg":"palette--light bg--neutral","width":"wrapper","padding_top":36,"padding_bottom":36}},"icons":{"type":"section-icons","blocks":{"icons-0":{"type":"icon_block","settings":{"icon_name":"icon-basket-return","icon_color":"#aaaaaa","title":"Free returns","text":"<p>Returns within 30 days receive a full refund.<\/p>","link_text":"","link_url":""}},"icons-1":{"type":"icon_block","settings":{"icon_name":"icon-shipment-world","icon_color":"#aaaaaa","title":"Worldwide shipping","text":"<p>Ship anywhere, rates available at checkout.<\/p>","link_text":"","link_url":""}},"icons-2":{"type":"icon_block","settings":{"icon_name":"icon-phone","icon_color":"#aaaaaa","title":"24\/7 support","text":"<p>Call us anytime at 1(800) 555-1234.<\/p>","link_text":"","link_url":""}}},"block_order":["icons-0","icons-1","icons-2"],"settings":{"title":"","bg":"palette--light bg--neutral","icon_alignment":"icon--top","layout":"grid--stacked","align_text":"text-center","width":"wrapper","padding_top":36,"padding_bottom":36}},"logos":{"type":"section-logos","blocks":{"logo-0":{"type":"logo_image","settings":{"link":"","new_tab":true,"width":140,"spacing":50}},"logo-1":{"type":"logo_image","settings":{"link":"","new_tab":true,"width":140,"spacing":50}},"logo-2":{"type":"logo_image","settings":{"link":"","new_tab":true,"width":140,"spacing":50}},"logo-3":{"type":"logo_image","settings":{"link":"","new_tab":true,"width":140,"spacing":50}},"logo-4":{"type":"logo_image","settings":{"link":"","new_tab":true,"width":140,"spacing":50}}},"block_order":["logo-0","logo-1","logo-2","logo-3","logo-4"],"settings":{"title":"","bg":"palette--light bg--neutral","enable_marquee":true,"marquee_speed":30,"width":"wrapper--none","padding_top":36,"padding_bottom":36}}},"order":["hero","tabs","double","custom","collection-split-section-1","collection-split-section-2","list-collections","product-grid","cols","blog-section","newsletter-index-section","icons","logos"]}