{"sections":{"hero":{"type":"section-hero","blocks":{"contact-block-kicker":{"type":"kicker","disabled":true,"settings":{"kicker":"<p>Introducing<\/p>","text_size":3}},"contact-block-heading":{"type":"heading","settings":{"title":"<p>Contact us<\/p>","text_size":10}}},"block_order":["contact-block-kicker","contact-block-heading"],"settings":{"height":"use_screen_one_fifth","overlay_opacity":50,"overlay_color":"#000000","enable_overlay_text":false,"preload_image":true,"content_width":2000,"text_align":"align--middle-center","text_color":"text--white","color_bg":"hero__content--transparent","width":"wrapper--none","padding_top":0,"padding_bottom":0}},"main":{"type":"page","settings":{"kicker":"","kicker_size":3,"show_title":false,"title_size":8,"show_content":true,"content_size":5,"align_text":"text-left","text_color":"text--neutral","bg":"palette--light bg--neutral","width":"wrapper--narrow","padding_top":36,"padding_bottom":36}},"contact":{"type":"section-contact","blocks":{"name":{"type":"text","settings":{"title":"Full Name"}},"email":{"type":"email","settings":{"title":"Email"}},"message":{"type":"body","settings":{"title":"Message"}}},"block_order":["name","email","message"],"settings":{"title":"Contact us","align_text":"text-left","text_color":"text--neutral","bg":"palette--light bg--neutral","width":"wrapper--narrow","padding_top":36,"padding_bottom":36}},"faq":{"type":"section-faq","blocks":{"faq-0":{"type":"text","settings":{"title":"Returns and refunds","content":"<p>Our customers' satisfaction is our number one priority.<\/p><p>We offer a full refund when the product has not been opened and is unused and a partial refund when the packaging can not be accounted for.<\/p><p>Please note that customers will be responsible for shipping costs.<\/p><p>Any returns must be in the original packaging with proof of purchase.<\/p>"}},"faq-1":{"type":"text","settings":{"title":"Our warranty policy","content":"<p>Products under warranty should be handled with care.<\/p><p>If the products arrive with visible defects, please take photos of them and send them our way. We will reach back out to clear up all the details.<\/p>"}},"faq-2":{"type":"text","settings":{"title":"Payment security","content":"<p>All direct payment gateways adhere to the standards set by PCI-DSS as managed by the PCI Security Standards Council, which is a joint effort of brands like Visa, MasterCard, American Express, and Discover.<\/p>"}},"faq-3":{"type":"text","settings":{"title":"Delivery times","content":"<p>Standard delivery usually takes around 7 business days. Please note that with the state of the global pandemic, orders may arrive later than usual.<\/p><p>If your order hasn't arrived after two weeks, please contact us and we will look into the details.<\/p>"}},"faq-4":{"type":"text","settings":{"title":"Back in stock notifications","content":"<p>Products are stocked up on a regular basis.<\/p><p>If a product you want is out of stock, please feel free to shoot us a message with the product you are looking for in the subject line.  We will send you a notifications when they are back in stock!<\/p>"}}},"block_order":["faq-0","faq-1","faq-2","faq-3","faq-4"],"settings":{"title":"","title_align":"text-left","title_size":4,"heading_size":5,"text_size":5,"text_color":"text--neutral","bg":"palette--light bg--neutral","width":"wrapper--narrow","padding_top":36,"padding_bottom":90}},"icons":{"type":"section-icons","blocks":{"icons-0":{"type":"icon_block","settings":{"icon_name":"icon-basket-return","icon_color":"#aaaaaa","title":"Free returns","text":"<p>Returns within 30 days receive a full refund.<\/p>","link_text":"","link_url":""}},"icons-1":{"type":"icon_block","settings":{"icon_name":"icon-shipment-world","icon_color":"#aaaaaa","title":"Worldwide shipping","text":"<p>Ship anywhere, rates available at checkout.<\/p>","link_text":"","link_url":""}},"icons-2":{"type":"icon_block","settings":{"icon_name":"icon-phone","icon_color":"#aaaaaa","title":"24\/7 support","text":"<p>Call us anytime at 1(800) 555-1234.<\/p>","link_text":"","link_url":""}}},"block_order":["icons-0","icons-1","icons-2"],"settings":{"title":"","bg":"palette--light bg--accent","icon_alignment":"icon--top","layout":"grid--stacked","align_text":"text-left","width":"wrapper","padding_top":36,"padding_bottom":36}}},"order":["hero","main","contact","faq","icons"]}